{"file_hashes":[{"block_hashes":["DOZdV3jFvk12AM2JNDYKo3KZrIVRprmJ+sVGWkqqE4Q=","rVElW3Hu3T52SzDDUqGT5YiJTBGUv2h3pNuBKFlhZ1U=","X/3fg4KZxgQ1jBr5QGq0F5JnflgE27UErd88mrxTcxs=","VibLbpy0ig+5INMOU71fTYN76iaka2XVpmm1qAKYsX8=","EChCwCbQHbHQ7oDdGT2qNyiRJ0yck2YC2emNGq4whtE="],"block_size":4096,"path":"_locales/iw/messages.json"},{"block_hashes":["/0XLYLvR7GDi1lXEsqI5OOorLaHGVkQU9sW9wrxd/qs=","ugdSYfR9jET/5OpIYWZUycWy9FcBX/jb/7/hmW5DVR0=","Z2vShQRg9avHHQwTkYjAyfnFnhHQ6Ce+ob00hRV0V2Q=","lIb7yaoAR7pQ0ZDpBU1ZzIKa+hURf3edJBILNvUO6lk=","5mpQSSRBXvBC9O0QpFoDxFGOcDS5Iua0gICy3D+t0UM=","EkWgzDTb1zblDgz7APE/G19fsHn/TJJuw3JbNsqGNCY=","Mb/n/cgw5oibXHqBfMwXremke8GY9oWJPhuY1Y2CrpQ=","cb+9vKl/3iDYu97Gc5yEsJnJ2QWd4dpd1E3pt/3yaqQ=","17+40sjnss/mFRm6idVmlEZTl+kWrR1GSzedHRD8yZI=","fTKSj8L49Jxlk/4helP5XYqHFlye2npO9oJ4k1tBSDo=","5YuJx+3UKRLS1jKYLhPFxnoj13kXTJWbUvqDjH49cSU=","bpIVoxhooXfnSfnMX0AAp0lf2rlVVA4pjcPLwgfO6HM=","UUtXQCPzpyCsqMlcbuKPxsSWFpRWF1bXuInAT+MwwDY=","oUPx37oUjuP+dzILoj48jtLskRlThmZSi2d5kfYzTb0=","fEV1maTSCm0P+oRRmz+EX4cZ9aT9WSs8HMFYGWsYue4=","Cu7oAOat7nTjOiWtDxvV9Ih8r4vhTlChiEPFCK8FktY=","yyGL1AXxNTYAck8Ck0OTGU6q1RGNPb4eiDCINF10YT8=","e9WZDcGrKZnN+InTe15a3RGT9+bsyy+Kcz87k9Zu7DU=","02+h8H+LGSXAGlwbZ0Lj6YPdriCRqAMPZsoYM/Vc88w=","GPe0bg/LCdwgFkiMdCHeZm3gXI2FK177VU64PL8Sbk4=","iRg2MAe9nvbnJeN13fbpyby3V7/mID44ILgbbuiqZwk=","0qZ4oyhDEDBqar3S+lQfC6e3buTlTm3iHo/Ndx037yA=","Jv539wuZRjn/RpTMMQqpD1s1K6q6N5vu40vOrSdvAHA=","AbR0zi5BEBvzLLi02X0Urct3IybFFVzRSbF+3/mGIvA=","YWf1TIgcGuKusqZVy/mdxDQvUWasTnUaVWayfCifxX4=","N3Qxj8LyvXqbFl0d7lPNKFDbo4FpFZT2J782aLkLFH0=","XJkQ1TqaeDmQ3Y6Fi8k5oQRwMHLXgN4K0V2FGBPHVXU=","m+2DZqMm2Kh4cVofdYl2YKHnToxjB2l1pwrTgT2/8kc=","Pt90rBH2jKmeMYk9EAY/bstB8aOkEjpVjy1elUFyDDE=","i/P+PQNU18w+XOKHY47TvNfeiuj7kytKes1oCQZLI+o=","9LmPBpkpa88od6GToIC8iy902myufS3Qrrfw48p0YWU=","0MvMo6e09IkF1cwoCBFdGZ/AK5RPy0kso7LgpyNK4Vc=","ezNvklk7lSAtqbuRbQgQ/9DtHxzFM//xvZaXAYcbqSI=","sl28Z3YRzN2dSwQBi+XHtQsgAzXHAIgDWguog/j8H6s=","VqMzsqDAo5xBBEM2RFmX0sDvnyZKuM5j+us1uTCPD3o=","9Qi1G2n9krig9SXPVQpW3EQCgpNy/bz5MJO56gFNIZM=","oRNpd0jbIXr1ehjydXXTxcLGe6zU2k4zTMvFDWQPwQs=","QZfHnrAilEQOF05pFqdZH7WOLzMMZYqJ63ghF0/2wFs=","6THnTBsN9FuvpuORjvU2NAn2LsrzXmxETfMsMzRk3x4=","psFVblLLAXTP1ShliFSs7uumx3Cclett355GCkAP2I0=","qt3ma3bBpaxnW/7IxAIlaShOA7zksqrC41xXst5cGpk=","DQKcGHzzBG0sOSF651STvuQ21iJwnn8qJkIah7RTcAA=","efLrojCMk4mDZLQkdWeZg10pm6g8tbPq0tAksap6Wi8=","3XDr8RIGF5Vb05sFN9+kuuDUZPi0DphUnH5z4U/UgQo=","qOd17c0bbUf8132C186mEhTDG/lxM/Nh+zL23y+z9zQ=","J9Vbd4vUju9buzM+9MSoxRwpUj1TsIMGL2vClZka2KM=","kQNRtevoNqr95DBugFen9Jx3mdGJMkiOPGVV+Fyi5aI=","X8ZExUKuRDNskS1zmKVwQWGu4GySn0S5Ic/AsA9+Vfk=","7Qd8XVkcWl5PUj5rgqqTfTAdrYoYfhqTf6IhGbqfKS4=","p8MQ8U3WFHhieD/c9QqLxIEQ2h8inTFp+a/3Bpw5Alw=","WWohqhYRq2v6OgshB/X5OGE1wH0AySSexGT+y/VuoKc=","Yog8k88BaxRJWYIUs4SA1L8d1Or/LBJh9qA18/Y3cHQ=","bWsvsSn5MPvzlK0UP5G4RHs8Qq8wyAUVMEeu/Dk7ecE=","butiIqF6DlM3JesqC3Kjjb+Wf5MM6Kcq5KXqGiNfDj4=","qagaOK4dqgQXICRlavkMSMV+aowGFOXpzuf0ayHYwto=","asjB/y/2BgTJSpdIUEA+gCIMUMbpJhi1YQnsd9p67Sg=","fTMQun606OAjz193p/hhE9ujfmR79qMX0XlP9kYi3WY=","4YjO55G3w7N0oyNvlK2HRRqSQSV3MrmX7QpEWQRVDU0=","11I6ISa+b+TKREiH3q105K8C16KJQNi9A6/Jm1jfxa4=","kVFMcbtVGoRMMu7+V2Xx7W4ga+yWFqZkxPoLnUO+Mgs=","nfmjrH/c0koL6U1f7cW67FEV5HOxo7TzGTa7xmVkM9w=","/biuE1vInfs1qGIAyykSryPxYG/9Np6T0/Gdv9f5PZg=","RqR1t9ymf0wrwBA9zx+jcymP/mHcoyzbZz985Kl36ME=","r9e7uNZXxpjDkQ0QAAMnYE+nowyLzNrP56R0EmQgHqY=","assd3Pyma7ej2F1u0YqUTq23DI8qBJEJ/59IcFfLA1U=","/S99MvUNLEFul3EFG+uMbKXHP5z3yXYhrwxqs4qJJHE=","/mlwqhE7HP4YDwqg50iZlgsFpEgj/2Ej0rZ5+IkArbk=","exuNMmXoKaRfWTg6X++iUG53W7RlwZ+O9Lp6vZ8UXeM=","w/8FVraK2d/BO114qQKN8cebedrbFJJgi0eAQZadTUk=","viuQoQqwPmqMZGBkd0m441xS/YhdknVDu30eWJwXsGo=","ou+JOqVo9JiYhRnP6e2DfTJ7F8kogli7dfP0BJLYF5s=","OdtaXvBJWenCS3gqA5QJGPFvnKvZpAPkvOtd0Qcm4PQ=","HtIccGX0Zq7CdwwHh0e1rpf1oF5G1ogwFzFvwKak6IM=","fMBcR7lHoPrDwcdJ6H6q7Yke4qohlc74QDk4OBejS0I=","4oIqqL+2uHPIeOpUxT9y/aqsjB4Q7RYjggdiGJeqz8Y=","dHumrgzK8r+lG2CAF5+s+HO/DKymoM1tJD8FA+zCqRM=","irqCKAY0r0XpMPLYQPNtJvLl1rgWQAkHEEB0BoNnrJQ=","pVIhDnHzM6SmatoOT9WmV33cbawn+QQQBhF3ykSnMKg=","BKcQX05gZJ3EXbhzullc9ixyNf9Pn80xUZZOCKeRrbI=","XcuTDqV0eHBhFiEvXjDpU6CzFGhuWEH6pVRSm/po0C0=","XYOBmY55MfjtzFzG0ZLftSgi9mBZEHSfuMcXegpkKv4=","M470Xkz9zEQqu4ve7ufPuedXCjyoAAkx3qMD0ysot5w=","+PCbk3Yk85CrDrC6TNyo3TRcKGWo6fRwpEjAyAEf6x8=","NZQGrTyjSvvNnbx1/0eTvT0YXHlhnbwJxqYsrtxFoqY=","LZi9rkCrDTNecvRqlM/DE/orN7oYYjqCtDH94JqF6Kk=","ubFx9zLhP8G4NcIN0RiR37XLtrZKNpy4epRP4EfEDc8=","qH9FvSzXYHZXZ8HIKFwPAFXLKcBpYeirHuOQcfQdZ5w=","MwepoEgyVQvfvQSNd63salo3TnKbqCS1k2ZlLwIbhIk=","oIDrJMfLB9e/X9EbspBk5I94rosW59t/vgn33B1dAKg=","bh4/ZX+mI+gcPYeAFIVDTtdcav9k5U/mSIt6jlcYF7g=","wsC/ZfOsZuNYjBkR0ONOnikBnswbmcOR323zfQCppWY=","2ISGHJHj860Qv/ZwtZ7BuHsdiMImTvGbHEjuHyIst+Q=","Qd7tj1Wkl0jLfVJ5e+eNO6s+iKxoZj8sRugMBVZrodY=","492Rxf46TZIHq7fW79yR/y5ESngFoRSaQI5tbsKUljc=","b7E9sTeLMzOv+qFqof2LqJy42XvEomNuir7JgS2fvlI=","N0j5GCxrkE+8uxDyp25DBZg0fd/Oe+ka9pk3/43AYfM=","mRcVO5KbnAEkJDVSu1WEOc8xYbU0maZmZ8HORnxRYEw=","8U2F8whHKmRbddy3nyPEQ0MlEz67O5E/xS87pY6qA5Q=","wELWKRdyxviz5TmncBtdcXteqr6kau6yG1xtZlSRikY=","PP3Kr1zGZ6X/cefbwLRUrxFrJbdaFGC8lEgB0P+jQDg=","5mKBNUMvs950ZeGsQl5WDJ40t5+4pBj6Rh61RTQsrd0=","CDKkMw2nDaTQUP4f1JYJ/wU4cyZN2yW4OFlH76PgU1w=","w8PZiACCxkHHpRIFoVHtlIMBHrBauCxFmYsye3BXXQ4=","FDCXgNH3diOjYwKyv2IxWqsqoKnhYjN8PjBUICcH9qU=","Ugc4beYPPkSFdVu+LKie6LGGGY0lg4Ngvxo9ld0JJFw=","9kaI6nMDiqvZnXyF8QPm4C+PTGw2hkz6Yoc8fFnYvOc=","fGZugHe4JWfjm+uI+d56qN6TH5EpwMA6XVGGdKTHRaE=","T9c7ohSEtzdMr6dyqsCuylEpT+DgAYdP4e73LAgOz10=","sLv3blCulyR5skO8bEtCzJnAT8UkKDk4Pho+YjRbt20=","GtuZovChELoJ9rCrOvqXHOXMxLGgYZrYxHBni14D290=","J4zaEgoF4kK0JyIxRv/Ees/LFNthQ8W6qBx5HqkRWSg=","t3czy9YD7KQ7NN6t56y+RPiwtbHq6gW7hR0AqiCgxPQ=","FSutRBvOI5NFHbnfoo4A02UhLCqM9CHDTsedQ2L5WI4=","nbDx9W4GDTB30ayV5x/oB0/xHNu/N5SUWOnTGx+AomA=","KiwDtLt1Bb3hfgSxUAPBbi7atlbwEcIOrsstVlWz7Y0=","z8ceqEa66Zxyencr3iwOIzHlVojtd1jx/NZmNAaD56s=","gdhm3xPVUr/1GqRDvYccL/4LxepSNneuSfSoDGbi2/M=","as4naJByCeCgrbFx3FiUAU1ecohZNa4slvbmO/0y28c=","nsreWChxPZ/TfwI06SHs3DLLbK/18jp17MUqRODTIuA=","bgYMBiLlYUieytFfJ/GgoUZqx5RnXdwQx5khNHGA6LU=","hjJJ2aQurn2fKLztz1biGixn6U9iDeSiSkUsmkQ6yB0=","+9aQ5fiKglidEnhiA3voL2V2Gl0SPwDrmURQMajJci8=","ySzclezKdXTJl/TKsAUDfCjft7fqPc0EJqte62ryQeY=","aqKiKpc1TkxMZA0eVhGZL9XTOYHqJ+QJyOrECMtniLs=","npKHdl7jc0G43R1pYiDEFk3+G4Mu0t7rkPm7j2uVMQ8=","9/xGA8fjFxbH8Rt3u1u0+ocu6Ov4DG09CdTx7I2y/Ac=","k+scYLj0IdGKHCQ/tIFZyuLxWPKLwRD0w21DNWqSw1Y=","yz6J40WGFYrEMLJt+8Ag8PIKgM/F1AOKcjaFmtQss7k=","kp4jtQosrQGa5Q9/9kBjsuiyK+41yDolLCxbg4e01Uo=","lvFFiI8PLrP2Qw0VvY6XQbgqgRVz5+FRHtUAdG44DHI=","g8MUhvAzT3s7zPP3aSBrjFco7CcmfZcTBVlNQEUbugM=","NN4olhSaYgZeuRbyGVLeGvWe6YoqlT73ETUgXyzluZ8=","Kr0N6lu2qpXpkrUpP4NQsWfR0EhbfDth/XZq5pXbclU=","TN6GyRA1PpglZE+qq4iVamIzXAGAk4NEnUKxwra/WXE=","KQUinolT2nnLG34vz+Jfu28LBr8mp9FxLRNw6FNpxTM=","5LPPvcC3r7maV6j6ZCxieBG+y2z87w2EU161jUatpMk=","iUMXNlcZmQsjaVetL7tTAecA6LsxtAohA9Q1O2mSd5A=","XqXdkF7+twvY3NWqt8JapNJWXTsNtHtDricYaMxWcoU=","joTaXIccgHgXxU2Yg4BtFX2gH9HEa4TG2fZsBFMOMyg=","yK1VxxZ8BFCdMnyeRhd3Zd10slmiR00su1TQG6CLHqA=","aAH1Q7Uz+bVHzStXtUcVNLc7yY/l3emefkFUnJ4fPcA=","iU1peKCQoqRTaUh/8AFGzb5S0qGv1p9XSCDkD4sNhDQ=","zPtV8UI49Wwb7XVf/tQU/9WsdEhX771n0cLSw7zXAF4=","56VyhqTpk8PkFyUUgTMJbNaEqrSG8D3MdkTR/Y6eWB8=","rlHQ5V0rFtojAOCX8QErZTaoaSU5W4pdQZO3Z9V6KLc=","vKwBcqwA86dAJR6glRcyHxd03By2x6TNBqvmC3JQNP8=","JADUYbo3/snnrpgbCa3nKU3tpniI5GyKMurnvu9DGcM=","hYyPh3sQGoRxw+6vHOoixEf38E4pKcY/Z25/lGTYD8c=","7rlXkbmt+/B5OsMOEVzx9X5bafmOKD4C75BJnJDH0rQ="],"block_size":4096,"path":"angular.js"},{"block_hashes":["tMApCUj4h6l40hg7x/lZ0cUi0/dSKFo1R7V8v8ECPCg="],"block_size":4096,"path":"background_script.js"},{"block_hashes":["XlST3YE2bmd+tIkIZKXOd3MKGOiR6canmX94CtXz5eY=","aAXShiSP/BPvurM+ywaNLKtBhbMazvhIBFpIR/m24Zo=","RiGMVjHSr80/cjxXNXgaP5SiW8rUHnzFVB0HPOPgPfU=","1doMo6ewjXWIli/ALfoRbSI0RthTCCbfSrs0ITiIKsk=","9BkjJhtv61Hgq656lOtrnqT/6Q7VgaIq8m7niP7Srw0=","01ylwCTzy3L/ALofte1mjwNSPQV35HTPr6F+o+Opvn4=","WsVD3VI08W6zIHHYvfdxpaMV8JN+ANN/Hmlkqfbs+MY=","Oqa0jceajU98uNo8dnzy1HVHhQ/rccbHCJB1Y41R3WQ=","aka2w7PGYIsU/F6rio+E/HAKy6ViWUVwg7P42qjYUlA=","ftqdzTC+Wn1PlBPDFLL2F4+g6ViTt2Jd432rIDt2pDQ=","NIUXjrLS8VaMgZ2jHBEGulUwNkTp5EcjIG+H9Ml9w6E=","856BV65j8xXE45fA76nSDoKaLJOByoymAdQYoHMSHKs=","VJz6mfLLZfmW3TxUh0AulvihBo8BAx3iapAu8crJhe8="],"block_size":4096,"path":"cast_sender.js"},{"block_hashes":["hTCXOb4+SLlPpTe3xzRDOch3/m20UZgbwoD/sc+w64c=","j1onp1qttGndl2PqoaFtt5aN83smZwcjmDu4QmBuRJw=","sRST1HYDfqS+haHgoEH27MQoe1cf5eX1iZdGoONaRf8=","kwnT9c1ZJD3dpbHC4MsQTnavrRXPT3DRFViLAy7+31Y=","WXzDYaCt83nciCIxpCtGFSrwYrQfK1hONemjiYDkjg4=","rdM8oAh7VYAy6bQHD0pOnwd1NcmUTL3vvak1wFttyCA=","19LJCV9VxmJKC+6MJL7VckY/UPrsmiM9hIaklQapyZQ=","5lpFuTNjVFHnHiU0/7ATVqXcKzQ5pZQ7dkayEj3Et+g=","JyTomGZ0TFZxPi5yQucdJ5KXMNK4kSJXW3jVKtxlN8A=","5hL/LxHI+OwmCSQzL6U2VgSSDbuJCzdvfKZxNtRv+gs="],"block_size":4096,"path":"common.js"},{"block_hashes":["pYL8INvK0ZGAALaQ648jfsFOW4Nv1/eZw1cC2I2+aGI="],"block_size":4096,"path":"feedback.css"},{"block_hashes":["Ddrzt4b3WXKKBrhCr4hvcKqc2bboUcabiZar6MZXnto=","JBueFW4uCgSVQCDMI6x3RUIoufFi7oEziif1fXlnFYY=","7FvHKpznZqgTW8YDqHXs96d2kgXsU/1voDZaH1Hxz7k=","G4Lh2tua05VSxPZeva2hXpszXmrxQUAl7tYjtAEBY98="],"block_size":4096,"path":"feedback.html"},{"block_hashes":["fOmiUwHmkZ+etDl43fmYExEfrtcIeUSq4Uj76VrP/nI=","xbe/sYYtb/TeVFoHo5cuhtMnr60lGnW7kePByy4uoB8=","6mg42I4pgqTIQKVfBDLvYCDhpGFTMoVidxnDKCEcj4o=","LomDfamSPxq5mieq4OyRunQgPTzyA1hYZF+bqqhtR/U=","bf8DLHu8f7TAKzVjjwqUHpiF6DIFtOvG/jyinoreDMc=","hAt67BIcnFCczgYvOLwmCAnvphR+CN6iu2h6SkSzAZU=","pGx7nw65xu+ZrGKzjStSMSx7WeXfz3VpA1nOcSgu7Jg="],"block_size":4096,"path":"feedback_script.js"},{"block_hashes":["Zw4WW2IcwQZ8J7V2pH7SQKd+g+SKQJ2H8ZyiGBHlBKA=","HiBiTwofvpGM3jTv2JPI9DpIkhE5GRDcXHTl5vtvkk8=","DrM4UKj6LwZaSWW36fuQUyvQ3XwRqVzrQCw0L8j53UA=","d0TXGM7pAnSzTv0Sv3VTgW73sQxE/C1/OFiKvwdnIos=","tG+VD3MHLG+T/VmB7NYk92Qg7QDSTIFaqOnxS1i+NCI=","bgkFAjoSskDhsbba/Ujy54qxcHSdgQg2WYHJPQJ9w6A=","n3YQ9jqX8dXcR/9OuOsIWFNtJyrpseHK/RNVvq6hno0=","8xE9HLb+aIiGiiIf63c0z+vFmUd79A2iWGpPiX6hiM8=","fIwyolptbM864pE0FQnqeZ/wXkL5M3aoHjwMqxfzEQo=","OQkTT9S0RwM4sOtF1lJlsK3OXOtLSncmk7SWmM/QXPo=","xMWoENucrC4bxPRyyGxw18LMlXVJWnsSbLT1HcctMoA=","Mm1HrB+YmUkie/tdDKWYTXde6YqKArRsg95wtYqnhik=","1BdH9d/PiloL6zWDDCha86DVvy01jMosr0/eHztbNX0=","aJbeZ5xygVZ8y/oIGwHvq4gPawyFJpeA5LN9Ty8pw1Q=","x/7X7O+FT6uuS/HEQZpY5Xy3ZxZWqk2Gk7VDTgAYkDM=","lhpr0KtavjcqiW5v6LaEonKujin/ZIVtum/iEzL51bw=","/9SO1THHRFztQ/1PJRjbppK58uHaCnJgHcjnn6GYjsA=","dCInWKlE47Ni5+c88A7cmyLe8K3WRfLsUTm8JxcZktk=","uQjgM93w+UKz4mecgqxwvgmsHsVGRkZouoqqV/Evr9o=","NrDQWdSIFMpjZ+OW2+2tettLW5OlG4sz3H+PrC8ExNw=","jq0oMORr9mrhNmLvRh2XnV2FKgocP0gL+1IZFqXP39U=","uCTeHtd/sk/uZXI5DIwagc9U4C4svlCylX71P9X4da8=","xDRxwo3nJf9VJUV/zw9goeSL8/o/eIAGX0NVvogwaaA=","4epKtbF5Jgd8SwR6+RUE3c7LiN8HQqtcTpOCRLgURJE=","+AHCE+F9if0kDqzvZ7+e0QG7/B0SQVQ9tKo5zaOkEYU=","14ygPnQrYwoQsYZaDcFf6auqkMy5IB+3TV1ru70C87c=","T0OpmUOVjE40e0OXFmY2xA7huG4AArNHw94K5vrKBKM=","SN3EFwEGBkZaCblrlHWqaADWWrvPcaZQgxbT2XrmS2o=","DOK67U1UUg4Z4Gcp8SAkGa2lGXsqpdWt8CFytTvUGyM=","uKsRlQTCc95ImFRy2VZ5wp+RQsvpYPOh/oT8vASIXfA=","zt3Pd/w97xIbTUApSfb5ZGIBvcpSRtbGd84dXu2BhgA=","3h1z74VhK4U/ok9WAgOWyECAgebdywOUg3nl1kHOy28=","SqtUlcr1xID+R7maXM9PqR7/tQXQGnUV5R+MJy3lHjY=","mdG4esBh49Gn3n2iXMM9A1/LqOF6MjhPc7Vrg/EjYhU=","5rkRwEnIHLAHYBtptWLeq1plaVW0UB2leGIrevS6/gs=","h3K4arT0eIRMoYLRh7+K4nFb7+iVnMYapZVte3rsFrY=","GrLU/m3Usf3KUV8fKfrNfH0a3qp3AuyBHVQGN9K8zuU=","gtnBqcKccVyK5zXLLZvmyq75w6RskqYkoDzzEQ1Kvjk=","zoRGqi3XmHA7xlM3S04ukTTUBHJqfnfhWEheIB6yUCA=","lhp5hNWsMM8EYzjSzPDFfEGM2LWKKOMe6heH6XhHqfk=","gl650WKhQkQX760TkayV46TlbCrJQUgARMQyyhwHm9k=","SF2zMnSYGjJOjjk/C1Xqs67/8685phsigJpSAz8wrvY=","/nI1ELN5i7+ssv5J4I9NjAYNt/Vd1Vt/jna0ksGeT4A=","2ozxW2swTKLwmdJ+fysV/hW3gtl2yzensQYkVEf6ZIw=","6SC1jW56ZaaKHVhr4/cZ0u4VEt2DIIjs1S/CB1a0hOs=","aHpS04k+nfeBZM+jHMyZkAR1qX9WLYN+shaNGbQmVv4=","6RDQafBd5xAhykLwJy8mHQjVeTnXzY2nj8Wn8Y5R6nQ=","yguf1ZoXSjCgyqUejpJygZAxEyuN9KDD0thZnAzWYyM=","UTednwCtVCiwfW10/zZQGbumdHUyzx8IdDiGrH88k8k=","w0I7gbxV29J8dS1YwYD/wbjGpVGkMYAJ0XBloTMO9e0=","+nO1bQzJQHf1vijDkK5uQTJCPtYPgvKtsAPfV76bJIU=","Mp0O+I97mQmjKbWLSc+mtqtQFFNvXZJNpXwNWQV1NVA=","/ev+qTNo/us7b72hyJtJort5QZxPKar8le44ZhKBLwc=","xDxw/TK13IVNi/x9wLUKg/lUIgK2qj0ukfV7SFxCRLA=","RXaLdqaR9V5KRx68wTV+MrPx6zpOjej8etZ6qHYwGYc=","KgBtbUkhNAcel+CHKfVzhJGbQBNjJBz7xUevjrZzdaw=","foOwjOo/gtPa8tR4oiZNwOFyquTcJvsqlENuVuMMxj8=","MjGwn+wtfh8Ly1XnObvxKg2Bd2svM7egl9JDG3Yp7Yw=","rt+rO+3QXFXyzIv0kAe4GJtuVkMTamOiIeC6g48LWp8=","QGlPLGTRuRKxu4g98pjzOXn7JlkGjavUUQG5IUeJAC4=","4vOyks8vNa18QNGwAWsTzdsfr3bx+vEbd18L9SalLOU=","LcCowXshyCPGatkCyaISbEE6y5rzoIKuS69XHBbOMoI=","JuL2fEPzKznfJGNWbTL4yi+rOiXq+Ydc3xvPKkK7LYw=","9y/716Lrq0vtl2SUY4glGFGJCEBEyuv7380dFn5DKnE=","zu1x1rdyUMEFM6efO7v/1f7SYweAT40O2yZJ8AIGmv8=","p12qngNvtXj71A5WpGzxlMU2K/vUmcgm5Xj+8aDLiPQ=","kEFLgPeO/La9OHsT1CZv1Fgd96jwJlyQRPg5fzOpJDA=","Ud53G8oTyS7wVP6QBsLIZok9gxJidVVujnOuLZd1qv0=","dQnisFetOG5285PgeULvE2bfybOH9SFREVO57GIm9Tc=","Z/3PqET8hL2vchF0aeJVjsTHGhzYoe537x49Erpxcr8=","YWIWOFYZOqSTzFi1jR164t5cjQZ93tbDnn9YKwv+/6k=","S0BCwiY0SK+uCK/AisZjVuD9ym8I2VS7mD3goAJkVLg=","vXRgfievf4wn+2ohUnq91YR9z0REAY6AAq5O+C+/400=","UX2pDoYfH0HLIJhYcI0Ftbsz7LLeGv98Fel9yDZfWok=","VEW4u47GlOhUAhvHjgvAh5+jz2tGXRzkejPirbGGgCo=","0yQpPWiU9ycWywU2m7sN1l6JYhSfMrduBWJOFRQ0nh8=","qOO/AaYa4QyTjRM5kPbsfTXKXCe9Z+rUMepYduZIpEw=","x4trG3gDdjVLRTc3+JdR/75G4GnB1Zv/sJwJjaPNx30=","M5dRPhbwHUXPmfK9ZOrU9GVIW+o/+tfg3xJRS9usuDs="],"block_size":4096,"path":"material_css_min.css"},{"block_hashes":["FSzCBWefDY6Kum5Eqiyfx7BGKulXuw8NG2XpX7kmrd4=","bnMZvRooMhVNtf09zJDBGbyTXWgd8TLZY6yxeP3DyoU=","ADxCVMB4gx/e9drjd2uTMEF9ZwnVX3+j1OTRCQmmHOE=","/R3Nof/h78GoADla5hYhZ0WGgCxxuXKMaTMU/ITBLYg=","cacWiSec33WhJmOJZh9GnqlzQ8i7XrHaPBpbB9Bpy7g=","xaLtRrtA4zxSub7jn9KxiVO+BQKmjiNvl+EfhLnkjzc=","1X5TzjYgnNGQLE7eNJonD+ah0IB0KmZU9+vdhj7nqF8=","EHGfpAg7SAnFfg3AZ3URR9XhGZziQmDx8stdUEYPVko=","CHzZ1DpkjncZIBKhN8KuxOCA79VueV72dDvHXAC0kh4="],"block_size":4096,"path":"mirroring_cast_streaming.js"},{"block_hashes":["UcOpkkVsq50u08JL0ri2Mr77ePArMFnmK+XBgNPKIg4=","WreSV4jKleOWede2Im6Y2q6n5b7x8GiSyO9+/OgCyiU=","aif4ICkSX13SR64hH8Ibdxnhl7NqHRUXEu5Ld+8R9/0=","6P4HkRcfFVXhPENKuFrzc4e2wwqiGCtjD4TqVOHSOlY=","iEDyXdZGVaEqq/gb001tZ0zHfXWNCCjUPTTTkOn0HT8=","z5DcphOouFQrV3NPEDJu12snnJ7IC8CPNtj1GyqQUsI=","VsGvYav4Kv8aWUkK6luRq0afQOGPZMNq0fx/WVAO2eU=","i9TddCR77J8gV9TltxvBA/NA0ALCv7cWed/ZeWBw6qI=","wSMhu3Zc+RzqazWPcbkJyvt1mKbFXIz7BYsKsR82jpo=","6pnUJVmxcO2D6QA6lsg323dwWwEJss2jyAcBlGuFKdw=","4xx9PmP2SfXKPfbS1ZDY52fHoq5tELZsw/fc9ARJzAA=","QWJPbwLerrBhfOqCL2O1mI1NbFSsWQjgouP74t8OyaM=","EhIslFlMFbMQ4uo1i7LTfNmEYlUk+5S3zB5q8Yyu2rM=","t0Pojd2h/QjTA8t5AkAad1irUfqn+28ziscjeLGSaHo=","UmAWrVrTdeiowTrs6PSd9yNxHRseB/ma8qGa4OeXce8=","6iB6r+PiRXbfWdrbrzNXD4c72S5+yWV9OGkgXk32gDY=","HdWhCufoFJnxgFRqkrWz4m1/XkhoiK16pJdC2T3hkfM=","LDpRpa146FgwdBskL/1rxFju5nEQsyc9YrJ3M7wxjRQ=","q+zamrvQOjzee0nD0pyuOqmtDHYm2xTH/6+BayLlvWY=","nipQBnekMATwz0+k14FEa8eDVAtrgXfbblBKIugLk6A=","fpzGyEcgpJ0y0oT+b7b244R0cj/RBh3i57K2Q+xleRw=","/ArtTZSP6q8rr2OwD3Qvy3fslSv0DzVbre2kbM1omjA=","n/ZEmG7Z6h4SWQ/Jnwj7skQ8Gkrd7iZMyRqrCxMHs2k=","Xg1b1/arvdnROP4w+DCn4/TB4SFktmLbICZdfbKWdK4=","7Wo4fCpWYFRxdKMidagXCs/vmfdZ7VuWji1z6D8m41Y=","yEmZAkwg1GqQWmrAxIfwijZ0fVRTW7wrnjM80DnFpq8=","0Tpkl3x74zZQJYF9JyQLW2UCX9bDtk/iRJlWmEyjRzE=","W87USA1O8N4u/KFSQunRA4PzXOYXM2yg1WbFyQlB9kU=","GvnSieTh3Mw9fyRYPXzCbanan8qWcp5zUMUaPZx88zw=","oILXbBQeoiIoefv3x+lSf+EgZ/7T2NBGVIgJwSeQFJ4=","WryYYiIwRw1Z6Ye/tky1czgNEDcLdTwGG4QlMJ/CCDI=","eCfxZZhtAaviUEhAKOYj8xkI6hsnjHC/ergJDYvdbzk=","aj+YQWMGk3V56im3SiFQ5hQ42j5YwCpFfHmpTLs4slo=","zooTzCA0zR84XBKS/bpqRkEWj1zlUK2Bxhw2TjLzs68=","cAKmia7xyS3SM7bSie6pChoE0Hm8bVHjLwah8qCqFW4=","PSTYwixL0oPrZtKFQBCYWADlIVsLf68T4/JnvHhnZ0c=","nyRMsePo32pksDG29jF9l4J1wlTNJCXRX1M7fmMXj7g=","8mnz3jp3ume21pOjfwRScBORLovdlrv43GDqjO3zEdw=","owiu6SVyib3It+w57YLEHiqaStGkmD0TIY4hpKq0Ya0=","65NcJJ1IVyWTuuKMqWbS+DqxuihzA56ALWCDdpjsUdA=","roIJbHAGL8wOVsHNvRFeUZ8I9/0bBDRj+JA+hPPp9OU=","x/LDE1tfvMBpXmuYMP5/SNY8kVWm7NtEDqMFdQRGcjg=","ZLMU582IRfTVydr2tkOr0NC0ShJZRTqBxqVx1NREfQg=","QvicpstxvVjvcbW+sn6w9lWwCCAkz9P2rMOETMXRT/I=","knCUMnx/tST/cIJwxoyQ0rRIAUqJQlDZ7MWqULOlJAE=","+/isAQLFWewfO/w92kl/YAToFYxZ2UD2+ygsnIj1wpg=","xOPLXO37k2ksP6e5vERgw0cJ50DvcOXnI1QaaOLiYCo=","1sTJAFYrGEGqri6vIrQd/bIkeaeGm34APpHZrzjtAkA=","zifsEpgF7OgXIp21R3lTeoiQotT/+FC3mBFWvpCmyYs=","bnVHOSE+c8Be1ZSmOvNX5IfxGWt4Vt5vm9j7DV+Wc8U=","rY8pr7giRhSAqO437LU1AVDlyvLBFEMJnHsDhM6pHSg="],"block_size":4096,"path":"mirroring_common.js"},{"block_hashes":["UwIbcM0uHGyOqEa5LkA6mrGsYTgtbIHEvVj48UjPtXA=","/sxLHkmZ1u4V44yKhbtIQc3R8yk47VlGL84XB0+qc1Q=","tNUezxp5yanP3VRQhsHvXvVfcXkI/r9F46x5oRtQM4U=","KLIeC4al8Fzr0roWd774Ew6zAb8T1UsVVaWEkfxHbhw=","WkF547iqv9NFZFpX5eOPnK7VLIH0Ss0xz399geAN/DI=","5lMP5pz3d78+FfTslqipW9I+myTyfoh7VdXVJW1hY74=","eftI4W8o2U3kUIv+X8G4q1QmpbZK/zaAqNNDLMZhRAU=","edt9irPah2sE8ymoUODA9WTggfZYGj7NwaOSnSu1j14=","C1rtGjLnl75eED6SIhbpLLOnU0/0Pb82cVZhTc5zG/A=","N5YUlRSglMcfQS9J80tEcPsujn4cduTGCBXqs7w7QvA=","FRqb1k+OUHNtpvdc1TYE4asjFzpeQk5jEDirjbG3ZQA=","sQuwAK/UX9CCPezkDwDclFxVO7AWHIJhgSrw0bdtQHg=","dtKSEXP39/zZCdrDhvbsjXfEyrDnaT0HD9AXbO4NcLg=","dqrMHagBiJqqo9p+VVCZUtGndenrTfz6xJ+IjIrLXJw=","jTNuSMqnpih34TDYezqJPlefhhsZzCh8D1DhudrAaGg=","vPxYwDomXI+GM7m+FkUaS/j/pVwoMQ8ubynOILHkIpQ=","UCMpxIGSRGAD4iWm0NkbrN4IPJlnGV/jufLdZ6MO2HI=","evjVxvq9CDlCVTwfNMrfi1SUcZN/XyO2Z098XMCSUhc=","p1gT5R51NUUgBQ4s2xfJWyzOoClOm+YPmAa4JBJSw4w=","dtM+tzLMXZRDSo6UTDAhxGXUiRV9BIOB5SwZOe0neQU=","W2+HQjozjVyLI71sSTSV8PHoYN4kv5zxDxMTATtGfN0=","1CirKcFJvuawXFqq8e5sda5ZVNWlHV0OiZSY5f4AYao=","bELToNiwpdqVWtA3fJY6Gwz2unQvSlGfOXLibMjg2os=","/O8M/qRsoFBd2MiBU4THLRNydT/FIQ6MqGqqf5TicVc=","tkXA92vq4/sAIa6PeY/4tB6cCHCIgP3aqfXPApK27tM=","NtygalEr0QU2Us+NwRCBKk+oEg6nJaGq+HB5qh3mOac=","c3+OjBXoTJj/NxUrnkwfBI/dOOPJzEvvsvM4UFx+UHI=","uGGLbMN+vypvZGytaBUYKwfZsDB2bQq7wecb80BV/Eg=","bFOqOjo/MbFnsscQ40bMSNAYw/v2lVHUFG+q5flgc2g=","SOH4ldzaol/VgqDkIJxXqZZlz3vYZ//YBEHju8Rj05Q=","EY5nKrV8nsreNe4QOzZy7p/rshxXBa6GWX2EQjVGE+8=","02Nc0d9sYMdCkIND6TRHZGc79PkZ3iwxfqnihn+ukT8=","EduYpdOi4pJy9eVMJctT2tYAxSRsLl+B0nHSvGGjSek=","xKo9cJ+TcsN3oGvJtJc/34jpbiJLIRaWknF9SUMZRdQ=","EPaNklWD3yMV5anxEJu64xscDMhcBWjS66JKoIoEDWc=","KeQV3I06lVIfwqM8CX3jbRr3EADlaw1RWTJCg6C0598=","S80TuVnOrEXf3n4/5Ikt20LTQtEbCgtz6puoSoYLCRI=","8xFOVsOOK8lHkkcXqM5S4lBVHnTprMkwzobVFDvJxxg=","YB3I/EKBE3xUaMs944DnG+cnSDEG725G8XSqGHKC06E=","0aoohj8Q3gWs7xTZWYWNoCt4JyI/RSRt+gTaB9HlGA8=","P6LDrAIAXPI8AzxD6zGOCBmC484Sh5rLvwZU05kjN/M=","cX1ATcTnj+4Ff454lp1WitU14kl3ZHJ5EuxJki0OqDE=","9ppjHS3YCx/cFnrYWqGb/099g+K6KPdoCgbVRyjh6as=","aYeIXg8+KcuEei27LvRhXSLURWALHdQaaoOtifOMQrk=","YXPpQiA/KVYy6CvXsalKElfMdQT7GBKdjOvsozfEJn8=","cCHlvIRJzQqpoZYoU2E6pammAotoeZRcG3j9sK1b3Yg=","ws6+r3beugXOB43Lo+SvdKNXViw9uZQ4sqfA+t7xbTE=","gJHebPOCspf+pliXgf2UWY3N7QcTWLDgMhGhPgo5RE8=","rH0JiM5yh7ZqTida7veYRv+gd8QZLtoAw+qokMQsh+4=","CWIno5qsYTxwkMc9KXTppzxa41MPF0kwC2qZHB+UtwA=","JC7Ap9H/YLcJ1LzN0lZVNOiAn8C5zGZ1U3/lbo4I8yg=","A2C2htOe4Thqyodnrnk2ZSb4NGnOqdHADZWpE9jb+mo=","px17MyOrV+WRRtf3JhgKzfmBxO9zZF1cj1zLGqV3fAo=","ERbdbuZy6aGfEmxW/SKmidgfe8ggEKXHIjMxE0whwXQ=","qGxv2zyNCxFfzcO68xYqinN8Ccqm2vwclcgxQKi7aC0=","WKCBDw/4TxmwuVZRaMnTN00vVrop/16/BadVYnV653E=","352obS9ammntZkeqmUwuTDSjK0xU9plIRuTfMLFxezs=","zKCuU12pgBB+Ad/gyavy/WLB975kG55afavYgyT81dw=","f2YFj7SBNPZC6Lg0u2EzDMa0mPexuL617LCr5Sn57VA=","pWK+5Qq8YiSaro490mBSnDEH06WQ/9hD3xsGF+oYYOg=","4OjOCg/Y7jXDMWmV444L9+B6ZjfiHj6T3cECaJKPUK8=","3+iq0lTHPbMggP5hrMaSuMZnp5gfT5LMzqubc4Yz0Hw=","v7J00UfQrglWGh/CB9rE8CfRcIISinOQugH7oTT9KqM=","8fHLad9olFH3fpZnDSbmmOzF/7nfu5WsJXOTjol1LOM=","YuycE/EvUIo5JqXxOviMxJnnuUEHm7hBR4JW0nM6cng=","QyAkaY36njjjjfy/Qxtd62EAclqZyQQplEXvYyu/PDQ=","3tcwVZlrE4Dzczzi3WBkSbpJhE8PUkQ85I8dZRv96fU=","ebJXcPQW7vX4T1UN0z7UYKzgJ2Ju4caamZT2+Do0RoI=","qjKT3c2B0WoQq8c4cwF2HblrowgNy/3kA+GO1xfc3h8=","GfFtuK5d+rKEtT3hWaPz4VnSkE4SmDUm8nhPqZ9Ka2c=","gYvjywJ01MWOdx2HviZLwDzVwbbZYtmOCPd5nZupG5o=","AGV+dqdYI+2qg+76ZJFnvICI4PU4hiu/vvzpZRA+DmE=","vFjVtletJ0DkM0ziYHlTQReM4ftXQ1320CawJyP9UbI=","N2+zquYR0T3w9MEMxNZCvIaqal68YX65MV/NkH1gsvE=","s+Bmzf1kP3mxYvtV5gkq/SmGS3NIDI2wDuqJFQgPFUE=","oPC1tNsFsWZbDhMZNnHd+qEULCVUsymq7+6kbfw7X4k=","E5SZ3Ixd/4gaeJppdxR5OOqxzJ614dY9ZO3z0DIejQo=","Z7ojhlHDtJJQaGHXDmRXUxu+SAreDHxZXVkV2uDYkB8=","RaKS1B3yK+k6xgB5PvwYh14jJIp2kdQAATxXoxoqdds=","rjk8hpzsJiCKVVtU+Gmh2xM4laxp7cBu5f5Dem/0x4M=","uGryxwB70tfpxSZCTUMUFB5SEbWq5y5xD/OWbM3S6k4=","mAHnKgEQ2Cd6wkcfDtx4f09edoT/BLWVqPS6yM5wc5E=","JluN8aMjSY9PUA7eS3Kk0mkuxdyca4chKTjp4V1AaDA=","i9Dt1/bbaaqkvMWDEoP2kQNn3gTLqZBMEYOgMMYn+YI=","6Cq9gnumdUYKsPnKwoYU6pB+9h6KaRzrJZTIwROH9us=","G6IxM7leW9jUge3PWOk/VHBNzzAeGRA5Pq19fzAICnQ=","l2qWs/OKbq2YirYLj1M+YHHJ9jqz36Zb0qko5WAzyuk=","OvPG6EYYOC8d190TKFlGKFcORj8/CBK+cDd4eSeOhgA=","fU4OpWz6SU4mAby/19LMkqyNcIMck4pX16LIf0qNzNY=","YwZhDhsM4G9vJAiWy2BCgEx86ONDhwYUwmPCerwtqAs=","a1qSzerykff2kl/0el5KiP8LDNE6bYd2ZtzZKspZpOE=","HkzwaNBncNbQ1HU0HAFQLJEVrpSMgSrbNn5lf/2c3XY=","XYYpEMlM+sVNIbLFzumKsdY+3gOhZqXHTDfFRGjsaaQ=","dJvfbN7L+Atn8FxfiLLhXdM3sQr9AOl4YPWV/KqMTYI=","vCq6p37Qsdv1uKLfLp29eJ05rF1ylUc6oVdJhjsvFb4=","rzM5XM8tA3blPxpSPlmQ2gSjH2STJf8KBhNW/YPr1ns=","4o2fSE9ja+TSQiUYyyGbcDMnkUCNNKiqa8SyoruxzAA=","jKOxy06liecD3SfwIICGGTccj19jP2CfBClf379t99k=","5LB2kvvaBVN7730klaNHNbszA2EjUWB5JQNVgO7/jhI=","PCOkUYMURBL4apT11J4C7QaMHYfJvSs5ptYd1lGQUPU=","CBHVhMc5ZRuKg8QDuOLwqaFUuXFkkCmnrS2NpTgY0PA=","/qSo59Y+1Pwhk0DwIihzefznIVGiP7qeUcsBZ1S+M5g=","67+ngQWlwnt1DlucBHSRw98tuodjPJ3lXfvuerPzgQ8=","dCleS3gKcfBpY+H5lsMq6+B6i3nOY5GrzhipzLW8TaY=","s0ezIYY+qfcpQ0rtnpxobqy7wUW3QTed196kkQcILbc=","YarCIenOp6QdWwUPavCkVjZWSxPbSv6h+5QcOfID5ko=","DRd+XdX5MD28gJ9xyYfEWN89x5jgsZrVl1Adv9ZLndk=","NtCgD+XhPYM5zOkOg4dQi8uZxdlUg1lsPLvhOmb+GYk=","u5D0gXeXflR9gjfCZsEXSKJ5c8XJ3i1QWzn0ZpHqkH0=","MQEGNLRNdRWX1hLkKfDdpdbWPha/wUaO9bMpGHFfdSs=","XdhypnaZUbm5TWpaiFfg3M+rc56lRxVIY7n0z3cRXng=","NfIgJY0+TSpdElmhuc3dB5UL5EMYE/ist3H5a5uoyAA=","1jhAle+0YV/TU+Rq+cySQrZLNSm81k7la0qKaKJe2tU=","P/F+bU+Soyx9fKBnqaA3LE8nkoIF+eA91qv7Wx/QgUw=","RUXMoDwKr8odbZjeL3ayxSBFwkO3us2meiGD9phmXzY=","N36UVaFGy/lQQ2oPjXE/yqKGsJwFH/LnueumtgLngPU=","tt5YKXTNPUeTCaMVokDDkzcJXUaDach+qCIFBHQmzFA=","2Y5R6AC62SJqEwcxTy1K1lwW3Sppwj02lBw5VDMtZpg=","L6BhiHQEKQtDwK0BkxDF1Ky4l2m0xG6mqWdJfDWfGPw=","HVyKI8tpl9u1Hyc6fRS9kFf4JFNtdVUJD04Z4ZE8HQ4=","xknWTJUUwgScPD4onO4EE183hdL4gcHHQZJvaLxGP+k=","lzQwlgmVHgnqghgToJQhQTgB3LCvDiNxBpDm2zAB8nM=","9Wru3eeFcqAgaN+NPWVPwevkePtWTt1tJPQY6SGeuJ4=","zZhA3GGSWVKDQrf+qv62za1kCiQHFhEwCQ7RWCSEeuo=","taBToxNMSdtpVX5b45NB+nJ4nlzIgBBkFIyaHDsGld8=","O0jl71Iots3BQxNGX29Uiq/oPpaglHXQ1uM9K9GZ3uo=","QXMRnaxaNeArG74UawTWlepOrgEVx/aSNP4d5S6JOyE=","74FNxik8Oa22KbCeypENEhiGPcmeENPxFDAnqYOeRAA=","E/XWUNlratYt58Hx6yl/5vGwAZXXhiK5s/ShcTSATWU=","rD7BKAmjYJOdZle/jaRPitqginaGHTnB6N3dut8uH7M=","EFAdeEo6S/5y4dVVPCFh7z/maI+CDWTTMAU0y07PwCg=","DJtyB09aJwiInFwa+5xwhc9cMawd5kgw4foRUE01S4k=","AenAgzQycUJciL0ePi1GyMQWmJVuxwa7uEuE5pMP588=","GDPYFNAh1QiNTE1feXXZc6iQeETocytbzVkyMwvnX68=","q7ZmXCHaWqsby2ckyGri+6ndxhNl0nxoLVzt3ujewYU=","+63zO/90/VFZZHFDvGbw/sAii6t/lvyWAPgqq9CynhE=","atfhsVuOHZzpHjSbbAEi7uulpi3pigxfOhK8N6pHh2E=","hnvu1M0kf/XLyvG78V7OMyhwIpJrkMM3oE75B+cTf00=","8sMbTIvo1rJ5kYk4oFW/m28PjEx3lrC8eGmhfvHpT00=","KhBniWOgzIdQPRYJdvWJDd+256I97hZxNcnPNIh0+dw=","lR7IeLvPmxfVRWk4K4mkYtrvlB3nMePXwMCuGU+oz0s=","+zKZIiuTlmwwWOp4H87oxdkkF1Pu2nrxoZL8CEaFGSE=","NGRsFfZm1teX5sFHnU/iINhr/sntEWtKBDfdIteKTKQ=","kOWg4uf8aRu0q+61oQORpQVkxJ6/3ZBZG6lm2XwfKBs=","Mv8ZtIiHe3J2PWjNRRFWN7CkvgTXri2Sm1oHqB8+6IY=","JVLYCD7TVy36hNPrnLmpqznRArcre7TeFra/UR7pNjQ=","uMeQGDIEyTgj7oJkTJwYsOJqnyvPtpj0uPRa+q6UH8U=","wIDNOxfEaDTcP4Dl4ycTxEMcP51KS+gH9HZUzPvB93U=","7DiGynh9GtPz/l4D6Jjw+fdf7XHguct72zefrzSiY8s=","fp3YHeQeElYRDTsN0zqZTOdacWg1+XFWqTytfP34NXk=","9gsWwO4Pg3DuumXj0PEr3XAIGOQGp/suGoyrG8/hVzU=","82POT5LvDW/BI0qATd663yvWyK3HNzQMAYHt5YEeTPc=","to6ARa41EQK1a2rfg1avuhN4tyfwC+vSOYD4bNDn9BM=","GCDawMna70p1uaJC+sktVfAwC/EJSHxAdCaZ4ThvpDQ=","cb/aihI6ip53allmRMKS5N8n1OOLJEA8FjYEfnalvHI=","YHW0eVWI8b0mIfSzJTdaAoJUWC/TtgU/WgeQxwNFdNE=","NfagXHzLAxXPBNyYlso2a6YNJ55lonRLLPecJJnXsec=","6Q2k0n/nNkEy1PdBp3aCQnri8m7NEnRWwtbIjVp3Ce0=","zUlVdVRcjrTrqZ4rWmDeCchnitCgM1Aqm2hm9hAcjd8=","P10akwxFC1qP4yQN5Q0Jpyc74eqJPP56Qz+ME1ZmKFo=","NqUhu6PN1cp91G1W4T+gQV+uJ0PmIX2OnibonoDN72E=","CIob55d3/VasREXhyjd5BYmuSG2vym2GHqF1oxDshJk=","+68lK5Gn5GG+GiFCa9Q8OGsGWXp24lPdQ6AaDIb68xw=","DbyS0drX2xnCVMLi8vPYOxqa410QoFxmhlaI2Q3rQGM=","XvWpH2DGCZxWnArqyHEzwPQi9KJcMBUDyUktxZQ5aD4=","m0kMcMyrjuZFe3B5NM5im6vdC5PdHQnAv64ioD+VS2E=","2S8MseRzKIf4mTJzXxaOpdtRGDt2wJmq3vHPjgiGXbI=","S0SbgiC0gZtP0WHtu64qtw49YfpSh5xf+oOj6XGoTqs=","SGqkozhuhMCbLs4HE4QNc2s3lG1n01onPkdouANTSpY=","rEqhhGhVQBb4tdmpf52BAdzH1cfuA2TvTZe8LzzYcwg=","PhSfb/bhiyLI7/Mg0OIJiT+IfW9G7YAExMJ8zx5B1xM=","HW/Qgq/7uqrndmiuyRveOOzaOVlTFYuCbn0BfXHPLH0=","8o/RHtz2/WtXQvC6DAM/aIttks9BwrEiZHMm1WsR4Bs=","sIk7Abz9R8G2zHAuc/4tYJpETBZsrKLcSVgGyqhB9IM=","ELmubVv278XsDBAcaMXbPi4h394Y/Tted62ShxmKLyQ=","mkC2Qhw6hcgfaB8MBbVxlsFmIs3/hh3iwpxw+GpoFN0=","gMj2J7B5vxZtmVsEjwqPSQgDa/fZ4j8TgNHPFpkWHhY=","EPfEp7TWJPrUXdZ3iD5Y6QrmoL60mKIKbOIeXG831h8=","nT2+/2jK2uIkeZcFMn0dFC13LjokRAIiq7lgbS4eMcI=","bAvamTurdI1ZCort+24sagpXyNw5YX/CeMTPd7zxiOE=","8HZIF9/dbSlIo8er77Q6bwXHPscbRPkE1sFyQ0J2VvQ=","eyZFx3BAvtQ6aEBbAHBvUn8hrdvRq3MDPY4LdXaBMLc=","vGqKknm4cL/zx697mKrFlB4H7EDHiSF6qNuFlQFmQ4k=","mDN2jIbibWhU0GOFCVwSEa/U+SfXahiMumT2gMJWJdg=","ssGKmu3WIDFxjZhPoagCgfGuoCWQLyJmgKBVabOLsZk=","bP54MFGAbVaSEvU6kTxINevCnPFwdKiiwu7Pl5JN4lc=","bW0Mt286j8qpXsSlR0tYf2Eee1L3UrJ+UkST/UeKbTc=","VBIByZiMzlUPXXCl1JeQ8Oh/rOvqAT6LKUwFffuc3Fs=","iGeuMCzXpohLFJIwZaF0E/B6VMeFm9rryMULVLcKOGs=","pGGra19gbT2GrnzdeMk4djid4sBNSZmAyKRThvNTvHM=","fSIGH8mG1sAMJEi2o68xWJ3+UFEw3uAE28eENXM4tZw=","0tu3qLY4fBzBGi7ORIqINTobpUokxmd5bxky4jcxPyE=","D21XZGVhf9+y73odVBmH0nOLJGotrlMHiw9SgELe5yg=","RI79DPQ3KMrFcJGsBbgknklRZWYf7DcrFqpbtpf2aSg=","59Wpi+SKElZlixqjjd8AAD8rRkmPEQWIBTcedbYp9dY=","iZNrhaMh7rZiJnF2C4LnfBj5f+6gpfzh+UOMkBs60gQ=","ILGdZ46HkLugpF61DjuOACE1FUp5gxvITyA2MkuYyQM=","+YbWN96CX9m5ZApB8+gvZFMU77ZwbQZEkzcOmwmsTAQ=","aGDIVMSHi775X5GezJXsmN/tDS5hrjdPbh7BJGsWMzA=","r+b9cPK8FaE8FzfDFNc6P5GJVkSLJGTjPst3NhAdImw=","7ts41YKp6o0gF4QtFSaj6fhy5Lh42HbcDAKkzrGQ/rw=","R7Jawbfx41fi1QnAakcJbEy7zWgx8ISLLInWu6uYY7g=","XkHn19TL9iBs8T36A8vqMimk1Kf16zEHF3a7wbFwBCY=","g4th2kpg2mQO35X0U1Q71xGv7LVBEIts26HxiPM3U9I="],"block_size":4096,"path":"mirroring_hangouts.js"},{"block_hashes":["/aGoTV8hbW7XgFUGexwJ1RSZuFBqpCX73maUsZrzTQY="],"block_size":4096,"path":"mirroring_webrtc.js"}],"version":2}